Datum,Uhrzeit,SBP,DBP,HR,Messtyp
"10 Februar, 26",09:22,125,71,75,Telefonmessung
"1 März, 26",00:33,136,80,72,Armband
"1 März, 26",01:13,142,83,70,Armband
"1 März, 26",03:08,132,74,71,Armband
"1 März, 26",03:48,125,72,58,Armband
"1 März, 26",04:28,129,73,63,Armband
"1 März, 26",05:08,118,65,58,Armband
"1 März, 26",05:48,123,70,66,Armband
"1 März, 26",06:28,118,68,59,Armband
"1 März, 26",07:08,123,69,58,Armband
"1 März, 26",07:48,121,67,59,Armband
"1 März, 26",08:28,118,66,63,Armband
"1 März, 26",09:08,119,67,58,Armband
"1 März, 26",09:48,114,61,54,Armband
"1 März, 26",10:28,128,74,69,Armband
"1 März, 26",10:36,123,70,67,Armband
"1 März, 26",10:44,125,72,66,Armband
"1 März, 26",10:52,126,72,70,Armband
"1 März, 26",11:45,130,73,76,Armband
"1 März, 26",12:28,121,68,68,Armband
"1 März, 26",12:37,123,71,69,Armband
"1 März, 26",12:48,131,75,68,Armband
"1 März, 26",13:21,130,74,77,Armband
"1 März, 26",15:29,130,76,77,Armband
"1 März, 26",15:45,130,75,80,Armband
"1 März, 26",15:59,127,73,82,Armband
"1 März, 26",16:31,129,72,85,Armband
"1 März, 26",16:46,127,73,83,Armband
"1 März, 26",17:06,131,75,80,Armband
"1 März, 26",17:26,125,69,76,Armband
"1 März, 26",18:18,127,73,74,Armband
"1 März, 26",19:21,137,81,76,Armband
"1 März, 26",20:25,124,71,76,Armband
"1 März, 26",20:47,125,71,82,Armband
"1 März, 26",20:55,130,76,81,Armband
"1 März, 26",22:01,133,74,82,Armband
"1 März, 26",22:40,126,68,74,Armband
"1 März, 26",23:20,124,67,75,Armband
"2 März, 26",00:00,120,64,66,Armband
"2 März, 26",00:40,116,63,62,Armband
"2 März, 26",01:20,118,65,58,Armband
"2 März, 26",02:00,113,61,58,Armband
"2 März, 26",02:42,123,68,56,Armband
"2 März, 26",03:22,126,70,58,Armband
"2 März, 26",04:02,112,59,55,Armband
"2 März, 26",04:42,119,66,53,Armband
"2 März, 26",05:22,128,74,58,Armband
"2 März, 26",06:02,136,80,54,Armband
"2 März, 26",06:42,127,74,65,Armband
"2 März, 26",07:22,118,65,57,Armband
"2 März, 26",08:02,114,63,54,Armband
"2 März, 26",13:04,137,82,74,Armband
"2 März, 26",13:13,130,75,68,Armband
"2 März, 26",13:56,129,76,65,Armband
"2 März, 26",14:17,127,72,65,Armband
"2 März, 26",16:10,132,77,64,Armband
"2 März, 26",17:14,126,72,66,Armband
"2 März, 26",17:27,125,71,70,Armband
"2 März, 26",23:33,134,78,63,Armband
"2 März, 26",23:50,133,77,68,Armband
"3 März, 26",00:06,135,78,69,Armband
"3 März, 26",00:47,131,75,65,Armband
"3 März, 26",01:28,129,74,71,Armband
"3 März, 26",01:36,129,73,62,Armband
"3 März, 26",02:16,125,70,54,Armband
"3 März, 26",02:56,124,70,59,Armband
"3 März, 26",03:36,121,66,55,Armband
"3 März, 26",04:16,128,72,58,Armband
"3 März, 26",04:58,122,69,59,Armband
"3 März, 26",05:07,129,74,60,Armband
"3 März, 26",05:47,120,68,63,Armband
"3 März, 26",06:28,129,73,71,Armband
"3 März, 26",07:08,119,65,61,Armband
"3 März, 26",07:48,114,65,57,Armband
"3 März, 26",08:28,119,67,60,Armband
"3 März, 26",09:08,114,63,57,Armband
"3 März, 26",10:06,128,75,71,Armband
"3 März, 26",10:15,124,70,62,Armband
"3 März, 26",11:08,126,70,63,Armband
"3 März, 26",11:16,128,74,63,Armband
"3 März, 26",12:59,134,80,72,Armband
"3 März, 26",13:39,128,75,70,Armband
"3 März, 26",13:48,128,74,63,Armband
"3 März, 26",14:12,129,75,61,Armband
"3 März, 26",14:20,127,73,63,Armband
"3 März, 26",15:04,132,77,61,Armband
"3 März, 26",15:14,126,73,60,Armband
"3 März, 26",15:25,129,76,59,Armband
"3 März, 26",17:09,130,74,69,Armband
"3 März, 26",17:21,127,74,67,Armband
"3 März, 26",17:31,128,73,63,Armband
"3 März, 26",18:57,127,73,74,Armband
"3 März, 26",19:31,132,76,80,Armband
"3 März, 26",21:08,131,73,81,Armband
"3 März, 26",21:19,126,71,80,Armband
"3 März, 26",22:10,132,76,74,Armband
"3 März, 26",22:18,127,71,71,Armband
"3 März, 26",22:26,127,73,72,Armband
"3 März, 26",23:06,140,78,87,Armband
"3 März, 26",23:46,125,69,63,Armband
"4 März, 26",00:28,125,69,65,Armband
"4 März, 26",01:08,115,62,62,Armband
"4 März, 26",01:48,117,64,58,Armband
"4 März, 26",02:28,114,62,57,Armband
"4 März, 26",03:08,125,71,61,Armband
"4 März, 26",03:48,118,63,57,Armband
"4 März, 26",04:28,108,55,56,Armband
"4 März, 26",05:12,126,71,51,Armband
"4 März, 26",05:40,130,74,61,Armband
"4 März, 26",05:50,123,69,62,Armband
"4 März, 26",06:00,124,71,63,Armband
"4 März, 26",07:25,129,73,65,Armband
"4 März, 26",08:05,118,67,56,Armband
"4 März, 26",08:45,117,64,55,Armband
"4 März, 26",09:25,119,67,61,Armband
"4 März, 26",10:19,127,72,63,Armband
"4 März, 26",11:20,126,73,66,Armband
"4 März, 26",12:06,127,72,61,Armband
"4 März, 26",12:47,129,75,58,Armband
"4 März, 26",12:55,133,76,57,Armband
"4 März, 26",13:03,132,74,69,Armband
"4 März, 26",13:11,126,71,64,Armband
"4 März, 26",13:52,117,66,52,Armband
"4 März, 26",14:32,115,63,52,Armband
"4 März, 26",15:12,115,63,56,Armband
"4 März, 26",15:52,115,62,55,Armband
"4 März, 26",16:32,131,76,62,Armband
"4 März, 26",16:40,127,73,56,Armband
"4 März, 26",16:50,130,75,61,Armband
"4 März, 26",16:59,129,75,59,Armband
"4 März, 26",17:07,128,75,71,Armband
"4 März, 26",17:52,134,76,59,Armband
"4 März, 26",18:01,123,67,62,Armband
"4 März, 26",18:54,136,78,65,Armband
"4 März, 26",19:05,140,83,67,Armband
"4 März, 26",19:14,129,74,65,Armband
"4 März, 26",19:30,134,78,72,Armband
"4 März, 26",20:41,132,77,89,Armband
"4 März, 26",21:07,136,80,87,Armband
"4 März, 26",21:20,131,75,86,Armband
"5 März, 26",09:04,129,73,63,Armband
"5 März, 26",09:28,130,74,67,Armband
"5 März, 26",09:36,125,71,66,Armband
"5 März, 26",09:44,133,77,67,Armband
"5 März, 26",09:55,129,72,66,Armband
"5 März, 26",10:03,126,72,63,Armband
"5 März, 26",10:11,125,72,62,Armband
"5 März, 26",11:02,128,73,61,Armband
"5 März, 26",11:56,129,74,62,Armband
"5 März, 26",12:04,131,75,59,Armband
"5 März, 26",13:05,135,77,69,Armband
"5 März, 26",13:24,127,72,65,Armband
"5 März, 26",13:32,133,77,59,Armband
"5 März, 26",13:44,131,75,65,Armband
"5 März, 26",14:25,118,64,52,Armband
"5 März, 26",15:05,127,69,60,Armband
"5 März, 26",15:45,113,60,59,Armband
"5 März, 26",16:27,111,61,58,Armband
"5 März, 26",17:07,117,65,63,Armband
"5 März, 26",17:47,128,74,61,Armband
"5 März, 26",17:55,123,69,66,Armband
"5 März, 26",18:05,122,69,69,Armband
"5 März, 26",19:10,120,67,78,Armband
"5 März, 26",20:36,134,79,91,Armband
"5 März, 26",20:49,130,76,99,Armband
"5 März, 26",21:42,130,76,80,Armband
"5 März, 26",21:59,129,75,76,Armband
"5 März, 26",22:11,132,79,85,Armband
"5 März, 26",22:48,127,75,79,Armband
"5 März, 26",23:31,130,75,75,Armband
"5 März, 26",23:50,136,77,80,Armband
"6 März, 26",00:37,125,70,80,Armband
"6 März, 26",00:50,131,75,79,Armband
"6 März, 26",00:58,132,76,72,Armband
"6 März, 26",01:07,130,75,71,Armband
"6 März, 26",01:22,127,73,71,Armband
"6 März, 26",01:30,130,72,71,Armband
"6 März, 26",01:40,129,73,75,Armband
"6 März, 26",02:20,131,76,62,Armband
"6 März, 26",02:33,125,71,64,Armband
"6 März, 26",02:42,130,74,66,Armband
"6 März, 26",02:55,127,70,71,Armband
"6 März, 26",03:36,118,67,61,Armband
"6 März, 26",04:16,112,61,64,Armband
"6 März, 26",04:56,116,63,57,Armband
"6 März, 26",05:36,123,66,53,Armband
"6 März, 26",06:16,114,61,53,Armband
"6 März, 26",06:56,114,65,54,Armband
"6 März, 26",07:39,128,74,59,Armband
"6 März, 26",07:51,127,73,59,Armband
"6 März, 26",09:11,127,73,68,Armband
"6 März, 26",09:20,125,72,68,Armband
"6 März, 26",09:30,125,72,70,Armband
"6 März, 26",10:16,129,74,75,Armband
"6 März, 26",10:34,131,76,65,Armband
"6 März, 26",10:50,127,73,61,Armband
"6 März, 26",10:58,129,73,71,Armband
"6 März, 26",11:07,128,74,61,Armband
"6 März, 26",11:19,128,74,63,Armband
"6 März, 26",11:31,123,71,64,Armband
"6 März, 26",12:46,138,81,70,Armband
"6 März, 26",13:46,131,77,74,Armband
"6 März, 26",13:54,132,76,67,Armband
"6 März, 26",14:43,129,77,71,Armband
"6 März, 26",16:09,128,73,69,Armband
"6 März, 26",17:01,130,76,64,Armband
"6 März, 26",17:10,118,66,61,Armband
"6 März, 26",17:52,130,74,69,Armband
"6 März, 26",18:32,114,63,55,Armband
"6 März, 26",19:12,119,66,75,Armband
"6 März, 26",19:20,126,71,78,Armband
"6 März, 26",19:28,131,75,80,Armband
"6 März, 26",21:07,127,74,100,Armband
"6 März, 26",21:52,128,73,73,Armband
"6 März, 26",22:14,126,70,75,Armband
"6 März, 26",22:26,126,71,80,Armband
"6 März, 26",23:11,135,78,70,Armband
"6 März, 26",23:19,127,73,70,Armband
"6 März, 26",23:59,134,80,68,Armband
"7 März, 26",00:19,132,76,63,Armband
"7 März, 26",00:31,141,83,59,Armband
"7 März, 26",00:39,129,75,65,Armband
"7 März, 26",01:34,135,78,65,Armband
"7 März, 26",01:45,128,74,63,Armband
"7 März, 26",01:54,132,75,59,Armband
"7 März, 26",02:09,132,76,78,Armband
"7 März, 26",02:18,127,73,72,Armband
"7 März, 26",02:59,114,60,68,Armband
"7 März, 26",03:39,118,62,72,Armband
"7 März, 26",04:19,114,62,66,Armband
"7 März, 26",04:59,121,69,59,Armband
"7 März, 26",05:39,111,60,63,Armband
"7 März, 26",06:19,110,60,60,Armband
"7 März, 26",06:59,122,67,67,Armband
"7 März, 26",07:39,108,58,64,Armband
"7 März, 26",08:19,110,59,63,Armband
"7 März, 26",08:59,128,73,74,Armband
"7 März, 26",09:39,122,71,61,Armband
"7 März, 26",10:19,113,61,61,Armband
"7 März, 26",10:59,112,60,56,Armband
"7 März, 26",11:41,124,70,71,Armband
"7 März, 26",12:21,117,64,66,Armband
"7 März, 26",13:03,122,70,61,Armband
"7 März, 26",13:19,119,66,62,Armband
"7 März, 26",13:55,127,72,65,Armband
"7 März, 26",14:41,129,74,74,Armband
"7 März, 26",16:37,127,74,76,Armband
"7 März, 26",17:20,126,71,69,Armband
"7 März, 26",18:54,131,76,72,Armband
"7 März, 26",19:37,122,68,86,Armband
"7 März, 26",21:04,131,76,91,Armband
"7 März, 26",21:12,137,81,94,Armband
"7 März, 26",21:31,131,77,88,Armband
"7 März, 26",22:00,131,75,86,Armband
"7 März, 26",22:46,131,77,75,Armband
"7 März, 26",23:12,131,76,89,Armband
"8 März, 26",00:21,125,70,77,Armband
"8 März, 26",01:07,137,78,95,Armband
"8 März, 26",01:15,137,79,91,Armband
"8 März, 26",01:55,122,64,75,Armband
"8 März, 26",02:35,120,66,79,Armband
"8 März, 26",03:15,111,62,77,Armband
"8 März, 26",03:55,111,59,73,Armband
"8 März, 26",04:35,117,62,69,Armband
"8 März, 26",05:15,117,66,68,Armband
"8 März, 26",05:55,111,56,73,Armband
"8 März, 26",06:35,125,71,72,Armband
"8 März, 26",07:15,125,69,70,Armband
"8 März, 26",07:55,106,56,68,Armband
"8 März, 26",08:35,120,66,63,Armband
"8 März, 26",09:15,117,65,59,Armband
"8 März, 26",09:55,129,73,72,Armband
"8 März, 26",11:55,130,74,75,Armband
"8 März, 26",12:05,130,76,71,Armband
"8 März, 26",12:14,139,81,70,Armband
"8 März, 26",12:29,128,72,69,Armband
"8 März, 26",12:42,126,71,63,Armband
"8 März, 26",13:04,132,75,64,Armband
"8 März, 26",13:12,134,77,61,Armband
"8 März, 26",13:22,123,70,60,Armband
"8 März, 26",14:36,139,82,88,Armband
"8 März, 26",15:38,130,75,83,Armband
"8 März, 26",15:46,120,66,73,Armband
"8 März, 26",18:29,127,74,71,Armband
"8 März, 26",18:44,127,72,79,Armband
"8 März, 26",19:08,124,69,83,Armband
"8 März, 26",19:15,123,68,85,Armband
"8 März, 26",19:57,130,73,91,Armband
"8 März, 26",20:59,132,76,85,Armband
"8 März, 26",21:09,131,75,85,Armband
"8 März, 26",21:34,129,74,83,Armband
"8 März, 26",22:00,129,74,83,Armband
"8 März, 26",22:40,141,79,92,Armband
"8 März, 26",23:20,129,72,78,Armband
"9 März, 26",00:00,120,69,66,Armband
"9 März, 26",00:40,117,65,65,Armband
"9 März, 26",01:20,116,65,61,Armband
"9 März, 26",02:00,112,60,57,Armband
"9 März, 26",02:40,122,67,59,Armband
"9 März, 26",03:20,116,64,55,Armband
"9 März, 26",04:00,108,57,54,Armband
"9 März, 26",04:40,125,70,58,Armband
"9 März, 26",05:20,131,73,73,Armband
"9 März, 26",05:34,129,74,62,Armband
"9 März, 26",06:56,127,71,75,Armband
"9 März, 26",07:04,124,69,73,Armband
"9 März, 26",07:43,126,73,67,Armband
"9 März, 26",08:23,129,73,72,Armband
"9 März, 26",09:03,115,64,65,Armband
"9 März, 26",09:45,128,74,71,Armband
"9 März, 26",10:04,132,77,76,Armband
"9 März, 26",10:12,126,71,76,Armband
"9 März, 26",10:23,126,72,86,Armband
"9 März, 26",11:22,131,75,64,Armband
"9 März, 26",11:49,133,76,77,Armband
"9 März, 26",11:58,133,76,71,Armband
"9 März, 26",12:06,135,79,68,Armband
"9 März, 26",12:27,127,73,70,Armband
"9 März, 26",12:40,134,79,71,Armband
"9 März, 26",12:50,126,73,66,Armband
"9 März, 26",13:07,136,79,68,Armband
"9 März, 26",13:16,130,76,64,Armband
"9 März, 26",13:25,125,71,64,Armband
"9 März, 26",14:05,130,74,67,Armband
"9 März, 26",14:14,135,79,65,Armband
"9 März, 26",14:39,128,75,69,Armband
"9 März, 26",15:18,133,76,73,Armband
"9 März, 26",15:26,123,69,68,Armband
"9 März, 26",16:07,121,67,57,Armband
"9 März, 26",16:46,121,68,56,Armband
"9 März, 26",17:26,114,62,58,Armband
"9 März, 26",18:06,114,62,57,Armband
"9 März, 26",18:47,126,72,69,Armband
"9 März, 26",18:59,127,71,70,Armband
"9 März, 26",19:16,123,67,77,Armband
"9 März, 26",21:07,131,76,102,Armband
"9 März, 26",22:18,129,73,92,Armband
"9 März, 26",22:34,127,71,78,Armband
"9 März, 26",22:53,122,68,80,Armband
"9 März, 26",23:02,122,66,79,Armband
"10 März, 26",09:11,133,77,75,Armband
"10 März, 26",09:19,130,75,72,Armband
"10 März, 26",10:02,126,71,68,Armband
"10 März, 26",10:47,132,76,68,Armband
"10 März, 26",11:27,128,75,59,Armband
"10 März, 26",11:36,133,76,62,Armband
"10 März, 26",12:01,132,77,67,Armband
"10 März, 26",12:42,130,76,68,Armband
"10 März, 26",13:26,133,77,66,Armband
"10 März, 26",15:05,126,73,64,Armband
"10 März, 26",15:45,133,78,63,Armband
"10 März, 26",15:53,125,72,65,Armband
"10 März, 26",16:48,139,83,86,Armband
"10 März, 26",17:40,131,75,89,Armband
"10 März, 26",18:24,124,70,76,Armband
"10 März, 26",19:01,128,74,79,Armband
"10 März, 26",19:08,118,65,80,Armband
"10 März, 26",19:16,122,67,81,Armband
"10 März, 26",19:28,133,76,88,Armband
"10 März, 26",20:09,117,66,77,Armband
"10 März, 26",20:49,120,64,77,Armband
"10 März, 26",21:29,123,70,81,Armband
"11 März, 26",00:22,135,79,78,Armband
"11 März, 26",00:36,130,75,67,Armband
"11 März, 26",00:45,136,77,70,Armband
"11 März, 26",01:24,130,74,69,Armband
"11 März, 26",01:36,132,76,71,Armband
"11 März, 26",02:57,134,78,59,Armband
"11 März, 26",03:19,134,78,66,Armband
"11 März, 26",04:06,134,78,71,Armband
"11 März, 26",04:50,128,72,72,Armband
"11 März, 26",05:31,122,69,64,Armband
"11 März, 26",06:11,113,61,62,Armband
"11 März, 26",06:52,121,68,60,Armband
"11 März, 26",08:30,132,74,77,Armband
"11 März, 26",09:24,133,78,70,Armband
"11 März, 26",09:54,135,78,77,Armband
"11 März, 26",11:04,132,76,74,Armband
"11 März, 26",12:03,123,71,72,Armband
"11 März, 26",12:11,130,77,72,Armband
"11 März, 26",12:20,131,76,65,Armband
"11 März, 26",12:29,127,73,68,Armband
"11 März, 26",12:37,123,70,68,Armband
"11 März, 26",12:53,120,69,62,Armband
"11 März, 26",13:02,125,72,66,Armband
"11 März, 26",13:10,124,72,61,Armband
"11 März, 26",13:19,124,72,66,Armband
"11 März, 26",14:00,134,78,69,Armband
"11 März, 26",14:24,129,75,72,Armband
"11 März, 26",15:11,128,74,67,Armband
"11 März, 26",15:19,123,68,71,Armband
"11 März, 26",15:27,129,74,64,Armband
"11 März, 26",15:35,121,65,67,Armband
"11 März, 26",16:15,115,63,61,Armband
"11 März, 26",16:55,112,60,66,Armband
"11 März, 26",17:35,110,58,63,Armband
"11 März, 26",18:15,119,64,69,Armband
"11 März, 26",20:10,129,74,88,Armband
"11 März, 26",20:22,125,73,80,Armband
"11 März, 26",21:05,127,74,73,Armband
"11 März, 26",21:15,126,73,78,Armband
"11 März, 26",21:23,134,77,69,Armband
"11 März, 26",22:05,131,75,65,Armband
"11 März, 26",22:13,131,79,78,Armband
"11 März, 26",22:25,125,71,72,Armband
"11 März, 26",23:15,136,79,97,Armband
"11 März, 26",23:42,132,76,76,Armband
"12 März, 26",00:00,141,82,75,Armband
"12 März, 26",00:11,136,79,69,Armband
"12 März, 26",00:58,122,68,68,Armband
"12 März, 26",14:50,127,74,61,Armband
"12 März, 26",14:57,127,74,65,Armband
"12 März, 26",15:06,123,69,62,Armband
"12 März, 26",15:58,127,74,70,Armband
"12 März, 26",17:02,136,78,84,Armband
"12 März, 26",17:55,127,73,72,Armband
"12 März, 26",18:07,129,74,72,Armband
"12 März, 26",18:41,130,74,66,Armband
"12 März, 26",19:58,128,75,81,Armband
"12 März, 26",20:12,130,73,81,Armband
"12 März, 26",20:19,129,73,80,Armband
"13 März, 26",03:16,130,72,74,Armband
"13 März, 26",03:55,113,59,64,Armband
"13 März, 26",04:35,120,64,69,Armband
"13 März, 26",05:15,120,65,59,Armband
"13 März, 26",05:55,112,59,63,Armband
"13 März, 26",06:35,114,58,58,Armband
"13 März, 26",07:15,109,59,63,Armband
"13 März, 26",07:56,118,65,56,Armband
"13 März, 26",08:36,113,63,55,Armband
"13 März, 26",09:16,129,74,68,Armband
"13 März, 26",09:25,124,72,64,Armband
"13 März, 26",09:38,128,73,64,Armband
"13 März, 26",09:48,130,74,70,Armband
"13 März, 26",10:58,126,72,62,Armband
"13 März, 26",11:38,127,74,65,Armband
"13 März, 26",11:46,124,70,66,Armband
"13 März, 26",11:54,129,73,67,Armband
"13 März, 26",12:07,130,76,69,Armband
"13 März, 26",12:18,139,82,59,Armband
"13 März, 26",12:26,122,69,58,Armband
"13 März, 26",13:06,114,64,51,Armband
"13 März, 26",13:46,117,67,51,Armband
"13 März, 26",14:26,111,60,59,Armband
"13 März, 26",15:06,123,67,55,Armband
"13 März, 26",15:55,128,75,69,Armband
"13 März, 26",17:41,122,69,85,Armband
"13 März, 26",18:32,123,69,78,Armband
"13 März, 26",19:14,130,72,82,Armband
"13 März, 26",19:22,121,66,81,Armband
"13 März, 26",19:30,123,67,83,Armband
"13 März, 26",21:40,130,77,79,Armband
"13 März, 26",22:37,129,73,74,Armband
"13 März, 26",23:52,132,75,71,Armband
"14 März, 26",00:01,128,75,71,Armband
"14 März, 26",00:38,130,76,75,Armband
"14 März, 26",00:47,137,79,64,Armband
"14 März, 26",00:55,131,75,73,Armband
"14 März, 26",01:11,131,77,76,Armband
"14 März, 26",01:20,132,74,79,Armband
"14 März, 26",02:00,124,71,66,Armband
"14 März, 26",02:40,126,70,65,Armband
"14 März, 26",03:20,106,56,60,Armband
"14 März, 26",04:00,112,62,53,Armband
"14 März, 26",04:45,110,58,54,Armband
"14 März, 26",05:25,118,67,48,Armband
"14 März, 26",06:05,113,61,54,Armband
"14 März, 26",06:45,120,67,56,Armband
"14 März, 26",07:26,112,59,54,Armband
"14 März, 26",08:07,110,58,57,Armband
"14 März, 26",08:47,128,72,65,Armband
"14 März, 26",09:27,113,60,51,Armband
"14 März, 26",10:07,115,65,56,Armband
"14 März, 26",10:48,113,60,54,Armband
"14 März, 26",11:31,126,72,59,Armband
"14 März, 26",12:12,120,70,57,Armband
"14 März, 26",12:23,127,72,61,Armband
"14 März, 26",12:33,124,70,62,Armband
"14 März, 26",13:39,128,75,67,Armband
"14 März, 26",13:55,126,73,67,Armband
"14 März, 26",15:21,127,74,77,Armband
"14 März, 26",16:03,126,73,70,Armband
"14 März, 26",16:58,125,72,61,Armband
"14 März, 26",17:44,128,72,69,Armband
"14 März, 26",17:52,121,70,62,Armband
"14 März, 26",18:32,118,65,69,Armband
"14 März, 26",19:12,128,72,71,Armband
"14 März, 26",19:49,133,76,99,Armband
"14 März, 26",19:58,132,74,99,Armband
"14 März, 26",20:07,133,76,97,Armband
"14 März, 26",20:21,137,79,90,Armband
"15 März, 26",11:42,132,77,70,Armband
"15 März, 26",11:50,127,73,67,Armband
"15 März, 26",12:10,132,76,72,Armband
"15 März, 26",12:19,129,74,75,Armband
"15 März, 26",12:27,129,76,74,Armband
"15 März, 26",12:51,124,72,70,Armband
"15 März, 26",13:38,126,72,55,Armband
"15 März, 26",13:49,126,75,61,Armband
"15 März, 26",14:11,129,73,71,Armband
"15 März, 26",14:52,132,76,59,Armband
"15 März, 26",15:00,140,81,61,Armband
"15 März, 26",16:07,128,73,69,Armband
"15 März, 26",16:17,125,70,67,Armband
"15 März, 26",16:39,130,74,63,Armband
"15 März, 26",20:40,131,75,84,Armband
"15 März, 26",21:03,130,74,80,Armband
"15 März, 26",21:26,131,74,78,Armband
"15 März, 26",21:43,131,76,97,Armband
"15 März, 26",22:19,132,75,71,Armband
"15 März, 26",22:27,128,73,74,Armband
"15 März, 26",23:56,132,75,83,Armband
"16 März, 26",00:27,130,69,75,Armband
"16 März, 26",01:10,130,72,74,Armband
"16 März, 26",01:50,114,60,68,Armband
"16 März, 26",02:30,123,65,69,Armband
"16 März, 26",03:10,112,59,63,Armband
"16 März, 26",03:50,105,56,65,Armband
"16 März, 26",04:30,112,60,56,Armband
"16 März, 26",05:11,114,60,60,Armband
"16 März, 26",05:51,114,59,65,Armband
"16 März, 26",06:31,118,65,56,Armband
"16 März, 26",07:11,119,66,60,Armband
"16 März, 26",08:24,124,71,62,Armband
"16 März, 26",09:03,125,71,63,Armband
"16 März, 26",09:13,119,67,63,Armband
"16 März, 26",09:53,127,73,66,Armband
"16 März, 26",10:22,131,76,66,Armband
"16 März, 26",10:54,132,74,62,Armband
"16 März, 26",11:18,125,71,67,Armband
"16 März, 26",11:54,129,74,64,Armband
"16 März, 26",12:08,134,78,65,Armband
"16 März, 26",13:42,119,66,64,Armband
"16 März, 26",13:59,122,70,63,Armband
"16 März, 26",14:39,128,75,61,Armband
"16 März, 26",15:08,121,69,61,Armband
"16 März, 26",15:17,122,69,64,Armband
"16 März, 26",15:25,121,70,63,Armband
"16 März, 26",16:31,126,73,59,Armband
"16 März, 26",16:41,121,68,61,Armband
"16 März, 26",16:50,129,73,66,Armband
"16 März, 26",17:01,127,72,63,Armband
"16 März, 26",17:17,130,74,69,Armband
"16 März, 26",17:57,115,64,56,Armband
"16 März, 26",18:37,111,59,59,Armband
"16 März, 26",19:17,121,66,73,Armband
"16 März, 26",19:26,124,69,81,Armband
"16 März, 26",19:39,137,77,87,Armband
"16 März, 26",19:50,123,70,80,Armband
"16 März, 26",20:27,138,78,86,Armband
"16 März, 26",20:43,138,80,87,Armband
"16 März, 26",20:56,139,82,87,Armband
"16 März, 26",21:11,127,73,86,Armband
"16 März, 26",21:45,125,73,82,Armband
"16 März, 26",22:52,128,75,83,Armband
"16 März, 26",23:11,130,75,79,Armband
"16 März, 26",23:58,129,74,78,Armband
"17 März, 26",00:06,125,71,75,Armband
"17 März, 26",00:16,120,65,75,Armband
"17 März, 26",00:56,130,74,69,Armband
"17 März, 26",01:36,116,63,62,Armband
"17 März, 26",02:16,124,69,70,Armband
"17 März, 26",02:56,116,63,61,Armband
"17 März, 26",03:36,106,57,71,Armband
"17 März, 26",04:16,120,67,60,Armband
"17 März, 26",04:56,120,66,62,Armband
"17 März, 26",05:36,111,62,68,Armband
"17 März, 26",06:16,113,61,65,Armband
"17 März, 26",06:56,110,59,66,Armband
"17 März, 26",07:36,121,66,65,Armband
"17 März, 26",08:16,121,66,58,Armband
"17 März, 26",08:56,115,62,73,Armband
"17 März, 26",09:36,127,72,64,Armband
"17 März, 26",11:43,126,72,59,Armband
"17 März, 26",12:53,137,80,71,Armband
"17 März, 26",13:10,132,77,70,Armband
"17 März, 26",13:38,134,77,91,Armband
"17 März, 26",15:27,130,76,84,Armband
"17 März, 26",16:22,128,73,72,Armband
"17 März, 26",16:31,123,70,74,Armband
"17 März, 26",17:34,130,74,72,Armband
"17 März, 26",18:14,123,70,66,Armband
"17 März, 26",18:25,122,66,70,Armband
"17 März, 26",19:23,126,69,79,Armband
"17 März, 26",19:39,125,69,86,Armband
"17 März, 26",19:48,122,66,86,Armband
"17 März, 26",19:56,119,66,88,Armband
"17 März, 26",21:02,133,76,86,Armband
"17 März, 26",21:30,135,78,84,Armband
"17 März, 26",21:49,130,73,78,Armband
"17 März, 26",22:30,126,71,70,Armband
"17 März, 26",22:45,138,78,77,Armband
"17 März, 26",23:30,129,74,66,Armband
"17 März, 26",23:41,130,77,66,Armband
"17 März, 26",23:52,132,76,65,Armband
"18 März, 26",00:02,133,77,72,Armband
"18 März, 26",00:40,130,74,68,Armband
"18 März, 26",01:22,126,72,66,Armband
"18 März, 26",02:02,121,69,57,Armband
"18 März, 26",02:42,116,61,60,Armband
"18 März, 26",03:22,119,65,47,Armband
"18 März, 26",04:02,112,61,55,Armband
"18 März, 26",04:45,134,77,71,Armband
"18 März, 26",05:25,118,64,60,Armband
"18 März, 26",06:05,124,70,57,Armband
"18 März, 26",06:45,115,63,55,Armband
"18 März, 26",07:25,109,56,54,Armband
"18 März, 26",08:05,114,60,59,Armband
"18 März, 26",08:45,118,63,54,Armband
"18 März, 26",09:25,127,72,59,Armband
"18 März, 26",10:05,125,71,69,Armband
"18 März, 26",10:48,131,74,63,Armband
"18 März, 26",11:29,121,69,61,Armband
"18 März, 26",11:37,124,71,64,Armband
"18 März, 26",11:45,123,70,61,Armband
"18 März, 26",12:02,133,78,64,Armband
"18 März, 26",13:07,124,71,60,Armband
"18 März, 26",13:51,128,74,61,Armband
"18 März, 26",13:59,127,73,62,Armband
"18 März, 26",14:19,123,71,64,Armband
"18 März, 26",15:01,125,72,56,Armband
"18 März, 26",15:39,126,72,60,Armband
"18 März, 26",16:02,129,75,64,Armband
"18 März, 26",16:33,126,73,61,Armband
"18 März, 26",18:28,130,75,85,Armband
"18 März, 26",18:51,130,75,74,Armband
"18 März, 26",19:37,121,67,81,Armband
"18 März, 26",19:45,127,72,91,Armband
"18 März, 26",20:12,136,78,78,Armband
"18 März, 26",21:33,130,74,75,Armband
"18 März, 26",21:59,128,73,83,Armband
"18 März, 26",22:13,131,76,76,Armband
"18 März, 26",22:32,126,72,73,Armband
"18 März, 26",22:44,126,72,71,Armband
"18 März, 26",23:19,135,76,72,Armband
"19 März, 26",00:21,130,74,80,Armband
"19 März, 26",01:06,126,70,73,Armband
"19 März, 26",01:19,134,75,79,Armband
"19 März, 26",01:27,132,75,73,Armband
"19 März, 26",01:37,133,76,75,Armband
"19 März, 26",01:46,123,67,69,Armband
"19 März, 26",10:03,126,72,62,Armband
"19 März, 26",10:59,134,76,68,Armband
"19 März, 26",11:09,131,76,66,Armband
"19 März, 26",11:44,128,73,58,Armband
"19 März, 26",11:54,127,72,58,Armband
"19 März, 26",12:03,125,73,61,Armband
"19 März, 26",12:43,128,75,58,Armband
"19 März, 26",13:23,109,57,50,Armband
"19 März, 26",14:05,120,68,58,Armband
"19 März, 26",14:45,124,72,61,Armband
"19 März, 26",15:23,124,70,69,Armband
"19 März, 26",15:31,125,72,66,Armband
"19 März, 26",16:11,127,72,62,Armband
"19 März, 26",16:39,130,77,68,Armband
"19 März, 26",16:48,129,75,57,Armband
"19 März, 26",17:19,123,70,55,Armband
"19 März, 26",17:27,123,70,61,Armband
"19 März, 26",17:35,116,65,60,Armband
"19 März, 26",20:11,136,79,66,Armband
"19 März, 26",20:19,127,74,73,Armband
"19 März, 26",20:35,126,71,69,Armband
"19 März, 26",21:04,121,67,74,Armband
"19 März, 26",21:53,132,76,69,Armband
"19 März, 26",22:15,125,72,64,Armband
"19 März, 26",22:23,127,70,68,Armband
"20 März, 26",00:19,134,79,64,Armband
"20 März, 26",00:40,129,74,63,Armband
"20 März, 26",00:49,130,73,61,Armband
"20 März, 26",01:30,135,79,64,Armband
"20 März, 26",01:38,131,75,57,Armband
"20 März, 26",01:46,129,74,59,Armband
"20 März, 26",02:26,122,63,56,Armband
"20 März, 26",03:06,126,71,59,Armband
"20 März, 26",03:46,114,62,51,Armband
"20 März, 26",04:26,111,59,55,Armband
"20 März, 26",05:06,108,60,52,Armband
"20 März, 26",05:46,112,60,49,Armband
"20 März, 26",06:26,121,67,54,Armband
"20 März, 26",07:06,133,75,60,Armband
"20 März, 26",07:49,133,77,70,Armband
"20 März, 26",08:02,128,75,72,Armband
"20 März, 26",08:10,124,72,69,Armband
"20 März, 26",08:33,124,69,63,Armband
"20 März, 26",09:06,126,72,70,Armband
"20 März, 26",09:15,127,72,75,Armband
"20 März, 26",09:23,124,68,77,Armband
"20 März, 26",10:03,122,67,67,Armband
"20 März, 26",10:43,127,73,77,Armband
"20 März, 26",11:31,131,74,77,Armband
"20 März, 26",11:40,135,77,66,Armband
"20 März, 26",11:52,132,78,66,Armband
"20 März, 26",12:01,133,77,66,Armband
"20 März, 26",12:12,135,79,75,Armband
"20 März, 26",12:39,128,74,74,Armband
"20 März, 26",13:02,127,74,69,Armband
"20 März, 26",13:20,125,72,69,Armband
"20 März, 26",14:13,133,79,67,Armband
"20 März, 26",14:33,129,75,69,Armband
"20 März, 26",15:21,133,77,66,Armband
"20 März, 26",15:41,122,71,70,Armband
"20 März, 26",16:07,126,72,74,Armband
"20 März, 26",17:33,125,71,89,Armband
"20 März, 26",20:53,126,75,84,Armband
"20 März, 26",21:44,130,76,78,Armband
"20 März, 26",21:53,125,72,71,Armband
"20 März, 26",22:33,125,74,72,Armband
"20 März, 26",22:41,128,75,67,Armband
"21 März, 26",00:01,129,74,69,Armband
"21 März, 26",00:41,134,79,80,Armband
"21 März, 26",01:09,124,71,70,Armband
"21 März, 26",01:52,134,77,80,Armband
"21 März, 26",02:32,124,71,71,Armband
"21 März, 26",03:12,121,64,68,Armband
"21 März, 26",03:52,114,61,62,Armband
"21 März, 26",04:32,116,63,64,Armband
"21 März, 26",05:12,119,65,63,Armband
"21 März, 26",05:52,115,64,60,Armband
"21 März, 26",06:32,111,61,62,Armband
"21 März, 26",07:12,111,59,57,Armband
"21 März, 26",07:52,120,67,56,Armband
"21 März, 26",08:32,109,59,59,Armband
"21 März, 26",09:14,130,74,66,Armband
"21 März, 26",09:54,111,60,53,Armband
"21 März, 26",10:34,120,68,62,Armband
"21 März, 26",11:15,140,81,96,Armband
"21 März, 26",12:15,130,73,68,Armband
"21 März, 26",12:23,139,79,77,Armband
"21 März, 26",12:35,133,77,69,Armband
"21 März, 26",16:20,125,71,77,Armband
"21 März, 26",17:23,126,72,87,Armband
"21 März, 26",19:55,124,72,82,Armband
"21 März, 26",21:33,130,75,85,Armband
"21 März, 26",21:48,134,78,73,Armband
"21 März, 26",21:59,127,74,80,Armband
"21 März, 26",22:12,127,73,77,Armband
"21 März, 26",23:32,139,79,79,Armband
"21 März, 26",23:40,126,72,88,Armband
"22 März, 26",02:18,134,77,77,Armband
"22 März, 26",02:32,128,73,71,Armband
"22 März, 26",03:31,127,72,74,Armband
"22 März, 26",04:11,129,74,68,Armband
"22 März, 26",04:26,127,73,69,Armband
"22 März, 26",04:41,131,75,66,Armband
"22 März, 26",04:57,129,74,68,Armband
"22 März, 26",05:08,132,75,67,Armband
"22 März, 26",05:18,138,79,71,Armband
"22 März, 26",05:27,124,70,60,Armband
"22 März, 26",06:07,119,63,59,Armband
"22 März, 26",06:47,119,65,71,Armband
"22 März, 26",07:27,117,63,67,Armband
"22 März, 26",08:07,106,55,65,Armband
"22 März, 26",08:49,108,61,59,Armband
"22 März, 26",09:29,112,59,61,Armband
"22 März, 26",10:09,114,60,58,Armband
"22 März, 26",10:49,112,60,57,Armband
"22 März, 26",11:29,126,72,63,Armband
"22 März, 26",11:37,120,69,68,Armband
"22 März, 26",12:17,120,64,58,Armband
"22 März, 26",12:57,107,56,57,Armband
"22 März, 26",13:37,123,69,66,Armband
"22 März, 26",13:57,124,70,77,Armband
"22 März, 26",14:08,119,67,77,Armband
"22 März, 26",14:20,128,73,78,Armband
"22 März, 26",14:37,130,76,70,Armband
"22 März, 26",14:54,129,73,76,Armband
"22 März, 26",15:05,120,66,73,Armband
"22 März, 26",15:56,125,72,77,Armband
"22 März, 26",16:36,122,67,72,Armband
"22 März, 26",17:43,128,73,69,Armband
"22 März, 26",18:42,136,80,73,Armband
"22 März, 26",19:22,131,76,66,Armband
"22 März, 26",19:30,132,77,71,Armband
"22 März, 26",20:40,130,74,71,Armband
"22 März, 26",20:50,131,75,66,Armband
"22 März, 26",20:58,127,70,67,Armband
"22 März, 26",21:08,128,72,71,Armband
"22 März, 26",21:58,129,73,67,Armband
"22 März, 26",22:13,127,72,69,Armband
"22 März, 26",22:21,128,73,74,Armband
"22 März, 26",22:31,128,73,69,Armband
"22 März, 26",22:56,127,72,67,Armband
"22 März, 26",23:05,133,76,64,Armband
"22 März, 26",23:34,134,76,66,Armband
"22 März, 26",23:44,130,74,65,Armband
"23 März, 26",01:12,129,74,75,Armband
"23 März, 26",01:20,129,75,72,Armband
"23 März, 26",01:36,128,72,63,Armband
"23 März, 26",12:52,130,76,76,Armband
"23 März, 26",13:13,131,75,72,Armband
"23 März, 26",13:23,124,69,75,Armband
"23 März, 26",14:03,129,73,68,Armband
"23 März, 26",14:11,128,72,71,Armband
"23 März, 26",14:19,125,71,67,Armband
"23 März, 26",14:54,133,76,73,Armband
"23 März, 26",15:08,131,75,66,Armband
"23 März, 26",15:16,130,74,66,Armband
"23 März, 26",15:24,127,73,77,Armband
"23 März, 26",15:33,130,77,72,Armband
"23 März, 26",15:48,131,76,68,Armband
"23 März, 26",16:00,126,73,73,Armband
"23 März, 26",16:34,132,76,74,Armband
"23 März, 26",17:14,122,68,68,Armband
"23 März, 26",17:27,125,72,74,Armband
"23 März, 26",17:35,116,64,69,Armband
"23 März, 26",17:43,126,71,70,Armband
"23 März, 26",18:00,119,68,68,Armband
"23 März, 26",18:08,116,66,62,Armband
"23 März, 26",18:50,119,65,78,Armband
"23 März, 26",19:30,122,67,77,Armband
"23 März, 26",19:43,126,71,73,Armband
"23 März, 26",19:54,135,78,72,Armband
"23 März, 26",21:48,138,82,101,Armband
"23 März, 26",22:33,126,71,83,Armband
"23 März, 26",22:52,127,72,75,Armband
"23 März, 26",23:41,128,74,81,Armband
"24 März, 26",00:21,121,66,72,Armband
"24 März, 26",01:01,121,67,64,Armband
"24 März, 26",01:41,112,62,61,Armband
"24 März, 26",02:21,116,61,55,Armband
"24 März, 26",03:01,122,69,66,Armband
"24 März, 26",03:41,111,63,62,Armband
"24 März, 26",04:21,110,60,57,Armband
"24 März, 26",05:01,111,59,56,Armband
"24 März, 26",05:41,127,71,62,Armband
"24 März, 26",06:21,108,57,63,Armband
"24 März, 26",07:01,115,63,54,Armband
"24 März, 26",07:41,126,71,54,Armband
"24 März, 26",08:21,120,67,63,Armband
"24 März, 26",09:01,130,73,67,Armband
"24 März, 26",09:19,131,73,63,Armband
"24 März, 26",09:31,129,75,69,Armband
"24 März, 26",09:43,129,75,75,Armband
"24 März, 26",09:51,127,71,70,Armband
"24 März, 26",11:27,139,80,67,Armband
"24 März, 26",11:47,134,78,69,Armband
"24 März, 26",12:26,134,77,67,Armband
"24 März, 26",12:58,120,65,73,Armband
"24 März, 26",13:38,118,66,66,Armband
"24 März, 26",13:48,112,63,66,Armband
"24 März, 26",14:28,120,66,67,Armband
"24 März, 26",15:08,110,58,67,Armband
"24 März, 26",15:48,118,65,67,Armband
"24 März, 26",16:32,119,67,73,Armband
"24 März, 26",16:40,129,73,81,Armband
"24 März, 26",17:35,133,77,74,Armband
"24 März, 26",17:53,135,77,67,Armband
"24 März, 26",18:03,133,77,73,Armband
"24 März, 26",18:13,120,67,72,Armband
"24 März, 26",19:03,133,77,73,Armband
"24 März, 26",19:21,135,79,73,Armband
"24 März, 26",19:29,135,77,70,Armband
"24 März, 26",19:44,138,82,76,Armband
"24 März, 26",19:52,130,75,70,Armband
"24 März, 26",20:33,120,67,68,Armband
"24 März, 26",21:31,122,69,73,Armband
"24 März, 26",22:18,130,74,70,Armband
"24 März, 26",23:06,133,77,67,Armband
"24 März, 26",23:23,137,80,72,Armband
"24 März, 26",23:35,134,78,71,Armband
"25 März, 26",00:15,132,78,64,Armband
"25 März, 26",02:09,137,81,74,Armband
"25 März, 26",03:10,134,77,77,Armband
"25 März, 26",05:48,122,68,71,Armband
"25 März, 26",06:28,114,61,59,Armband
"25 März, 26",07:08,110,59,58,Armband
"25 März, 26",07:48,110,58,56,Armband
"25 März, 26",08:28,113,62,54,Armband
"25 März, 26",09:08,107,57,59,Armband
"25 März, 26",09:48,107,55,56,Armband
"25 März, 26",10:28,114,63,57,Armband
"25 März, 26",11:11,113,64,62,Armband
"25 März, 26",11:53,128,73,62,Armband
"25 März, 26",12:12,129,74,64,Armband
"25 März, 26",12:20,120,69,57,Armband
"25 März, 26",12:35,127,72,67,Armband
"25 März, 26",13:16,125,71,70,Armband
"25 März, 26",14:03,124,71,67,Armband
"25 März, 26",14:24,135,78,74,Armband
"25 März, 26",14:53,134,76,80,Armband
"25 März, 26",15:19,134,77,86,Armband
"25 März, 26",16:05,133,75,74,Armband
"25 März, 26",16:32,128,71,68,Armband
"25 März, 26",16:40,125,70,73,Armband
"25 März, 26",16:48,120,67,73,Armband
"25 März, 26",16:56,119,64,68,Armband
"25 März, 26",17:36,119,63,64,Armband
"25 März, 26",18:16,117,62,66,Armband
"25 März, 26",18:59,121,67,68,Armband
"25 März, 26",19:07,123,68,72,Armband
"25 März, 26",22:34,123,69,72,Armband
"25 März, 26",22:56,123,68,64,Armband
"25 März, 26",23:36,118,65,63,Armband
"26 März, 26",00:16,117,62,67,Armband
"26 März, 26",00:56,116,64,70,Armband
"26 März, 26",01:36,121,69,57,Armband
"26 März, 26",02:16,112,60,54,Armband
"26 März, 26",02:56,123,70,64,Armband
"26 März, 26",03:36,115,61,52,Armband
"26 März, 26",04:16,107,58,51,Armband
"26 März, 26",04:56,117,62,59,Armband
"26 März, 26",05:36,118,62,53,Armband
"26 März, 26",06:16,116,59,51,Armband
"26 März, 26",06:57,123,70,53,Armband
"26 März, 26",07:37,116,64,52,Armband
"26 März, 26",08:17,108,56,47,Armband
"26 März, 26",09:12,118,65,61,Armband
"26 März, 26",09:56,133,77,65,Armband
"26 März, 26",10:06,124,72,69,Armband
"26 März, 26",10:19,134,79,71,Armband
"26 März, 26",10:43,122,67,71,Armband
"26 März, 26",11:26,127,74,61,Armband
"26 März, 26",11:34,135,77,62,Armband
"26 März, 26",11:42,127,72,68,Armband
"26 März, 26",11:50,128,74,66,Armband
"26 März, 26",12:11,125,72,65,Armband
"26 März, 26",13:13,125,72,68,Armband
"26 März, 26",13:33,129,73,73,Armband
"26 März, 26",13:42,126,70,69,Armband
"26 März, 26",13:52,130,73,66,Armband
"26 März, 26",14:02,123,68,66,Armband
"26 März, 26",14:10,118,65,60,Armband
"26 März, 26",14:18,117,63,64,Armband
"26 März, 26",14:58,126,72,66,Armband
"26 März, 26",15:19,136,78,82,Armband
"26 März, 26",15:51,145,86,109,Armband
"26 März, 26",16:42,129,75,74,Armband
"26 März, 26",18:03,131,77,70,Armband
"26 März, 26",18:37,128,72,75,Armband
"26 März, 26",19:31,135,79,75,Armband
"26 März, 26",19:45,129,75,73,Armband
"26 März, 26",19:54,127,72,69,Armband
"26 März, 26",20:02,129,73,73,Armband
"26 März, 26",20:41,122,66,75,Armband
"26 März, 26",21:21,126,71,69,Armband
"26 März, 26",22:07,131,75,80,Armband
"26 März, 26",22:26,136,78,75,Armband
"28 März, 26",15:42,134,71,66,Telefonmessung
"28 März, 26",15:45,130,70,68,Armband
"28 März, 26",15:56,138,78,73,Armband
"28 März, 26",16:04,132,73,69,Armband
"28 März, 26",16:11,135,73,71,Armband
"28 März, 26",16:55,141,79,63,Armband
"28 März, 26",17:18,137,77,68,Armband
"28 März, 26",19:11,137,76,67,Armband
"28 März, 26",19:44,135,73,75,Armband
"28 März, 26",19:54,135,76,73,Armband
"28 März, 26",20:41,130,71,77,Armband
"28 März, 26",20:55,134,73,73,Armband
"28 März, 26",21:02,126,68,74,Armband
"28 März, 26",21:46,140,78,76,Armband
"28 März, 26",21:57,140,79,73,Armband
"28 März, 26",22:21,135,76,76,Armband
"28 März, 26",22:31,140,79,80,Armband
"28 März, 26",23:54,138,77,60,Armband
"29 März, 26",00:18,141,78,62,Armband
"29 März, 26",01:24,138,76,61,Armband
"29 März, 26",01:38,134,74,56,Armband
"29 März, 26",01:47,127,70,59,Armband
"29 März, 26",01:54,128,67,63,Armband
"29 März, 26",03:34,120,60,54,Armband
"29 März, 26",04:14,121,62,57,Armband
"29 März, 26",04:54,117,59,56,Armband
"29 März, 26",05:34,122,64,54,Armband
"29 März, 26",06:14,117,61,63,Armband
"29 März, 26",06:54,117,61,51,Armband
"29 März, 26",07:34,111,55,52,Armband
"29 März, 26",08:15,125,67,52,Armband
"29 März, 26",08:56,136,75,71,Armband
"29 März, 26",10:00,128,69,78,Armband
"29 März, 26",10:19,128,69,74,Armband
"29 März, 26",11:05,131,72,72,Armband
"29 März, 26",11:31,135,75,65,Armband
"29 März, 26",11:39,127,67,71,Armband
"29 März, 26",11:57,143,79,85,Armband
"29 März, 26",13:05,132,73,68,Armband
"29 März, 26",13:23,131,72,68,Armband
"29 März, 26",14:16,134,74,65,Armband
"29 März, 26",14:24,134,73,70,Armband
"29 März, 26",14:32,136,75,64,Armband
"29 März, 26",14:50,134,74,69,Armband
"29 März, 26",15:02,134,73,69,Armband
"29 März, 26",15:12,138,78,71,Armband
"29 März, 26",15:24,137,77,68,Armband
"29 März, 26",15:35,134,74,68,Armband
"29 März, 26",16:44,130,73,74,Armband
"29 März, 26",17:11,137,76,76,Armband
"29 März, 26",17:22,141,78,70,Armband
"29 März, 26",17:42,134,74,70,Armband
"29 März, 26",18:51,131,71,72,Armband
"29 März, 26",19:31,127,69,69,Armband
"29 März, 26",20:23,133,74,76,Armband
"29 März, 26",21:00,129,70,74,Armband
"29 März, 26",21:37,131,72,72,Armband
"29 März, 26",21:44,131,70,75,Armband
"29 März, 26",22:25,139,76,66,Armband
"29 März, 26",22:36,131,73,61,Armband
"29 März, 26",23:23,144,81,91,Armband
"29 März, 26",23:48,138,78,101,Armband
"30 März, 26",00:33,140,77,71,Armband
"30 März, 26",00:41,132,71,69,Armband
"30 März, 26",00:49,131,72,61,Armband
"30 März, 26",00:57,144,79,61,Armband
"30 März, 26",01:37,118,62,56,Armband
"30 März, 26",02:17,122,64,55,Armband
"30 März, 26",02:57,120,63,54,Armband
"30 März, 26",03:37,124,64,66,Armband
"30 März, 26",04:17,116,55,51,Armband
"30 März, 26",04:57,122,64,63,Armband
"30 März, 26",05:37,119,62,53,Armband
"30 März, 26",06:17,117,61,57,Armband
"30 März, 26",06:57,123,63,62,Armband
"30 März, 26",07:37,118,61,54,Armband
"30 März, 26",08:17,118,59,58,Armband
"30 März, 26",08:57,118,62,54,Armband
"30 März, 26",09:37,127,68,65,Armband
"30 März, 26",10:38,126,66,73,Armband
"30 März, 26",10:52,126,68,80,Armband
"30 März, 26",11:52,133,71,80,Armband
"30 März, 26",12:35,132,72,64,Armband
"30 März, 26",13:09,127,68,63,Armband
"30 März, 26",16:32,124,67,68,Armband
"30 März, 26",16:40,123,64,72,Armband
"30 März, 26",17:45,132,72,68,Armband
"30 März, 26",18:46,128,70,72,Armband
"30 März, 26",19:43,132,71,63,Armband
"30 März, 26",21:16,132,73,78,Armband
"30 März, 26",21:28,125,65,72,Armband
"30 März, 26",22:08,131,72,69,Armband
"30 März, 26",22:25,133,73,73,Armband
"30 März, 26",22:52,131,72,77,Armband
"30 März, 26",23:38,128,68,65,Armband
"30 März, 26",23:49,135,74,73,Armband
"30 März, 26",23:57,128,69,77,Armband
"31 März, 26",00:39,136,74,68,Armband
"31 März, 26",00:50,131,70,71,Armband
"31 März, 26",01:30,124,64,69,Armband
"31 März, 26",02:10,130,68,67,Armband
"31 März, 26",02:20,126,67,72,Armband
"31 März, 26",03:00,125,63,76,Armband
"31 März, 26",03:40,118,60,67,Armband
"31 März, 26",05:00,109,56,56,Armband
"31 März, 26",05:40,115,58,63,Armband
"31 März, 26",06:20,104,50,54,Armband
"31 März, 26",07:00,131,67,60,Armband
"31 März, 26",07:44,128,70,54,Armband
"31 März, 26",08:24,117,60,59,Armband
"31 März, 26",09:04,120,60,54,Armband
"31 März, 26",11:23,123,64,73,Armband
"31 März, 26",12:07,125,69,75,Armband
"31 März, 26",12:16,131,72,68,Armband
"31 März, 26",12:48,132,72,64,Armband
"31 März, 26",13:29,134,74,65,Armband
"31 März, 26",13:41,128,70,70,Armband
"31 März, 26",13:51,128,68,74,Armband
"31 März, 26",14:41,124,66,70,Armband
"31 März, 26",15:06,139,77,74,Armband
"31 März, 26",15:52,129,70,76,Armband
"31 März, 26",16:06,131,72,76,Armband
"31 März, 26",16:17,123,65,74,Armband
"31 März, 26",16:36,130,71,74,Armband
"31 März, 26",16:48,131,70,67,Armband
"31 März, 26",17:27,131,71,73,Armband
"31 März, 26",17:36,131,70,73,Armband
"31 März, 26",18:52,134,73,75,Armband
"31 März, 26",19:07,130,72,69,Armband
"31 März, 26",19:59,129,69,73,Armband
"31 März, 26",20:07,125,64,73,Armband
"31 März, 26",20:58,130,70,79,Armband
"31 März, 26",21:07,127,66,75,Armband
"31 März, 26",21:15,133,71,69,Armband
"31 März, 26",22:08,135,74,85,Armband
"31 März, 26",22:22,131,70,78,Armband
"31 März, 26",23:08,129,72,76,Armband
